location,item,total_amount
101,G-Chair,210.0
109,SSD-Drive,120.0
105,M-Keyboard,89.99
110,Webcam-HD,55.25
102,USB-C Hub,45.0
101,Mon-Stand,35.0
101,W-Mouse,25.5
103,Lap-Sleeve,22.5
108,Desk-Lamp,19.99
105,Mouse-Pad,15.0
